Model,R2 Score,RMSE,MAE,Accuracy (%)
Linear Regression,0.9275880533945837,0.274553747062871,0.21988065644393281,-340.27006753739215
ANN,0.9188877320735909,0.2905798774739494,0.23795099104951267,-376.452547460316
