Model,R2 Score,RMSE,MAE
Linear Regression,0.9275880533945837,0.274553747062871,0.21988065644393281
ANN,0.9218266945850129,0.28526697829491315,0.2367538356653177
