Model,R2 Score,RMSE,MAE
Linear Regression,0.9275880533945837,0.274553747062871,0.21988065644393281
ANN,0.9187874627508756,0.29075942644605235,0.24430242825818893
